CREATE TABLE employee (
  emp_id INT PRIMARY KEY,
  first_name VARCHAR(40),
  last_name VARCHAR(40),
  birth_day DATE,
  sex VARCHAR(1),
  salary INT,
  super_id INT,
  branch_id INT
);
CREATE TABLE branch (
  branch_id INT PRIMARY KEY,
  branch_name VARCHAR(40),
  mgr_id INT,
  mgr_start_date DATE,
  FOREIGN KEY(mgr_id) REFERENCES employee(emp_id) ON DELETE SET NULL
);

ALTER TABLE employee
ADD FOREIGN KEY(branch_id)
REFERENCES branch(branch_id)
ON DELETE SET NULL;

ALTER TABLE employee
ADD FOREIGN KEY(super_id)
REFERENCES employee(emp_id)
ON DELETE SET NULL;

CREATE TABLE client (
  client_id INT PRIMARY KEY,
  client_name VARCHAR(40),
  branch_id INT,
  FOREIGN KEY(branch_id) REFERENCES branch(branch_id) ON DELETE SET NULL
);

CREATE TABLE works_with (
  emp_id INT,
  client_id INT,
  total_sales INT,
  PRIMARY KEY(emp_id, client_id),
  FOREIGN KEY(emp_id) REFERENCES employee(emp_id) ON DELETE CASCADE,
  FOREIGN KEY(client_id) REFERENCES client(client_id) ON DELETE CASCADE
);

CREATE TABLE branch_supplier (
  branch_id INT,
  supplier_name VARCHAR(40),
  supply_type VARCHAR(40),
  PRIMARY KEY(branch_id, supplier_name),
  FOREIGN KEY(branch_id) REFERENCES branch(branch_id) ON DELETE CASCADE
);
INSERT INTO employee VALUES(100, 'David', 'Wallace', '1967-11-17', 'M', 250000, NULL, NULL);
INSERT INTO branch VALUES(1, 'Corporate', 100, '2006-02-09');
select * from employee;
UPDATE employee
SET branch_id = 1
WHERE emp_id = 100;

desc  employee; 
INSERT INTO employee VALUES(101, 'Jan', 'Levinson', '1961-05-11', 'F', 110000, 100, 1);
INSERT INTO employee VALUES(102, 'Michael', 'Scott', '1964-03-15', 'M', 75000, 100, NULL);

INSERT INTO branch VALUES(2, 'Scranton', 102, '1992-04-06');

UPDATE employee
SET branch_id = 2
WHERE emp_id = 102;
select * from branch;

INSERT INTO employee VALUES(103, 'Angela', 'Martin', '1971-06-25', 'F', 63000, 102, 2);
INSERT INTO employee VALUES(104, 'Kelly', 'Kapoor', '1980-02-05', 'F', 55000, 102, 2);
INSERT INTO employee VALUES(105, 'Stanley', 'Hudson', '1958-02-19', 'M', 69000, 102, 2);

INSERT INTO employee VALUES(106, 'Josh', 'Porter', '1969-09-05', 'M', 78000, 100, NULL);

INSERT INTO branch VALUES(3, 'Stamfor', 106, '1998-02-13');

INSERT INTO branch_supplier VALUES(2, 'Hammer Mill', 'Paper');
INSERT INTO branch_supplier VALUES(2, 'Uni-ball', 'Writing Utensils');
INSERT INTO branch_supplier VALUES(3, 'Patriot Paper', 'Paper');
INSERT INTO branch_supplier VALUES(2, 'J.T. Forms & Labels', 'Custom Forms');
INSERT INTO branch_supplier VALUES(3, 'Uni-ball', 'Writing Utensils');
INSERT INTO branch_supplier VALUES(3, 'Hammer Mill', 'Paper');
INSERT INTO branch_supplier VALUES(3, 'Stamford Lables', 'Custom Forms');

INSERT INTO client VALUES(400, 'Dunmore Highschool', 2);
INSERT INTO client VALUES(401, 'Lackawana Country', 2);
INSERT INTO client VALUES(402, 'FedEx', 3);
INSERT INTO client VALUES(403, 'John Daly Law, LLC', 3);
INSERT INTO client VALUES(404, 'Scranton Whitepages', 2);
INSERT INTO client VALUES(405, 'Times Newspaper', 3);
INSERT INTO client VALUES(406, 'FedEx', 2);


INSERT INTO works_with VALUES(105, 400, 55000);
INSERT INTO works_with VALUES(102, 401, 267000);
INSERT INTO works_with VALUES(108, 402, 22500);
INSERT INTO works_with VALUES(107, 403, 5000);
INSERT INTO works_with VALUES(108, 403, 12000);
INSERT INTO works_with VALUES(105, 404, 33000);
INSERT INTO works_with VALUES(107, 405, 26000);
INSERT INTO works_with VALUES(102, 406, 15000);
INSERT INTO works_with VALUES(105, 406, 130000);
select * from works_with;

select * from employee;
select * from client;


SELECT *
from employee
LIMIT 5;

SELECT first_name AS forename, employee.last_name AS surname
FROM employee;

SELECT DISTINCT sex  FROM employee;


SELECT *
FROM employee
WHERE sex = 'M';


SELECT *
FROM employee
WHERE branch_id = 2;


SELECT emp_id, first_name, last_name
FROM employee
WHERE birth_day >= 1970-01-01;

SELECT *
FROM employee
WHERE branch_id = 2 AND sex = 'F';


SELECT *
FROM employee
WHERE (birth_day >= '1970-01-01' AND sex = 'F') OR salary > 80000;


SELECT *
FROM employee
WHERE birth_day BETWEEN '1970-01-01' AND '1975-01-01';


SELECT *
FROM employee
WHERE first_name IN ('Jim', 'Michael', 'Johnny', 'David');

INSERT INTO branch VALUES(4, "Buffalo", NULL, NULL);

SELECT employee.emp_id, employee.first_name, branch.branch_name
FROM employee
JOIN branch    -- LEFT JOIN, RIGHT JOIN
ON employee.emp_id = branch.mgr_id;


SELECT employee.emp_id, employee.first_name, branch.branch_name
FROM employee
Left JOIN branch 
ON employee.emp_id = branch.mgr_id;

SELECT employee.emp_id, employee.first_name, branch.branch_name
FROM employee
RIGHT JOIN branch
ON employee.emp_id = branch.mgr_id;


SELECT *
FROM client
WHERE client_name LIKE '%LLC';


SELECT *
FROM branch_supplier
WHERE supplier_name LIKE '% Label%';


SELECT *
FROM employee
WHERE birth_day LIKE '_____10%';


SELECT *
FROM client
WHERE client_name LIKE '%Highschool%';


SELECT employee.first_name, employee.last_name
FROM employee
WHERE employee.emp_id IN (SELECT works_with.emp_id
                          FROM works_with
                          WHERE works_with.total_sales > 50000);


SELECT client.client_id, client.client_name
FROM client
WHERE client.branch_id = (SELECT branch.branch_id
                          FROM branch
                          WHERE branch.mgr_id = 102);
                          
                          

 SELECT client.client_id, client.client_name
 FROM client
 WHERE client.branch_id = (SELECT branch.branch_id
                           FROM branch
                           WHERE branch.mgr_id = (SELECT employee.emp_id
                                                  FROM employee
                                                  WHERE employee.first_name = 'Michael' AND employee.last_name ='Scott'
                                                  LIMIT 1));
                                                  


SELECT client.client_name
FROM client
WHERE client.client_id IN (
                          SELECT client_id
                          FROM (
                                SELECT SUM(works_with.total_sales) AS totals, client_id
                                FROM works_with
                                GROUP BY client_id) AS total_client_sales
                          WHERE totals > 100000
);

select first_name,last_name from employee
where employee .branch_id in (select branch_id from branch
where branch_id in (1,2)); 

